CustomerID,Name,Email,Phone,Address,City,State,ZipCode,Country,RegistrationDate,DateOfBirth,Gender,WebsiteAccessCategoryID
1,Brandon Page,anthony94@pace.org,986.308.5208x54195,102 Michael Hill Suite 645,New John,Delaware,44027,Cocos (Keeling) Islands,4/25/2020,7/6/1990,Female,1
2,Chelsea Stewart,gharris@hotmail.com,324.297.3317,1152 Louis Shoal,Port Mary,Arizona,28212,Kiribati,2/2/2021,5/18/1962,Other,2
3,Tracy Reid,bmartinez@wright.com,+1-133-375-0102x4278,20622 Keith Well Apt. 691,Terrytown,Alaska,38715,Qatar,3/30/2023,4/12/1998,Other,3
4,Connie Woods,lisawebb@hotmail.com,+1-043-336-3416x1337,0697 David Lodge,Joycemouth,West Virginia,57207,Cote d'Ivoire,3/25/2023,11/8/1959,Other,4
5,Edward Dennis,bradmurphy@moran-yoder.com,493-873-8836x1869,44923 Watts Terrace,Conwaymouth,North Carolina,12773,Chad,2/25/2021,8/8/1944,Female,5
6,Jennifer George,christopherjohnson@hunt.com,001-453-141-0046x9159,38730 Donna Dale,Paulmouth,Missouri,40215,Kenya,2/28/2021,11/21/1969,Female,6
7,Alan Bennett,odonnelllauren@murillo.org,001-275-532-4542,8761 Timothy Ramp Apt. 564,Davidville,Texas,76796,Uruguay,12/7/2022,12/30/1953,Male,7
8,Ariana Stewart,riosjason@yahoo.com,-4744,00521 Anderson Lakes,Michaelburgh,North Carolina,20474,United States Minor Outlying Islands,11/23/2020,2/22/1998,Female,8
9,Kenneth Harvey,stuartnicole@yahoo.com,5416376400,066 Welch Track,New Carolhaven,Oregon,31722,Panama,12/29/2020,11/16/1991,Other,9
10,Rodney Campbell,russell98@gmail.com,552.522.2626x3832,64099 Harrison Burg,Clarkfort,Texas,91391,Comoros,3/13/2022,9/26/1999,Other,10
11,Jason Parker,wchang@gmail.com,(662)944-8128x3781,2882 Samuel Mill Apt. 499,East Curtisburgh,Maryland,65585,Uzbekistan,4/2/2024,9/19/1997,Other,11
12,Gabriel Jones,amandawoods@yahoo.com,449-539-8761x51653,419 Sandra Views,Stephenburgh,North Carolina,60257,Kyrgyz Republic,10/26/2023,7/2/1956,Female,12
13,Marilyn Duncan,kevinhawkins@hotmail.com,(358)088-5018,41989 James Cliff,North Donaldstad,Connecticut,10462,Costa Rica,4/17/2020,10/15/2002,Other,13
14,Austin Williams,villarrealpaul@mcdonald-brown.com,(302)864-2978x085,41766 John Route,New Brittanyborough,Rhode Island,79840,Mali,1/10/2022,8/16/1991,Other,14
15,Dominic Byrd,kennethfowler@hotmail.com,+1-995-290-6546x643,6917 Johnson Mews,Sandersfurt,Wyoming,54372,Kyrgyz Republic,12/22/2020,10/7/1996,Female,15
16,Brittney Jones,nancy26@yahoo.com,354.321.6413x5206,00269 Olivia Prairie,Johnside,North Carolina,47656,Bouvet Island (Bouvetoya),12/14/2021,7/16/1979,Male,16
17,Keith Navarro,mrice@clark-barrett.net,055-009-7216,00416 Houston Land Apt. 958,South Jennifer,Maryland,22635,Uzbekistan,2/28/2023,4/5/1970,Other,17
18,Angelica Kramer,paul00@foster-casey.org,3180494802,0819 Sweeney Drives,North Tammyfurt,North Carolina,3905,Argentina,3/19/2023,10/21/1973,Female,18
19,Kimberly Cobb,john79@frank.com,319.537.3757,9359 Samantha Throughway Apt. 393,West Andrew,Tennessee,33960,Christmas Island,11/5/2020,1/15/1975,Female,19
20,Amy Bailey,cowanangela@price.com,(538)353-0530x800,6600 Ronald Fords,East Stephen,Alabama,10762,Pakistan,6/26/2021,5/16/1988,Other,20
21,Kristy Lester,lopezbrian@moyer.biz,192-836-5687x95671,04299 Baker Port,North Lorifort,Iowa,23120,Hong Kong,4/17/2020,9/3/1978,Female,21
22,Elizabeth Robinson,melissa13@yahoo.com,045-465-1662x62581,304 Chapman Knolls,Anthonyville,Maine,98577,Saint Pierre and Miquelon,1/26/2021,5/14/1968,Male,22
23,Robert Turner,sherri46@yahoo.com,(412)248-2156x576,1934 Hubbard Crossing Suite 209,South Jenniferchester,Texas,91766,Philippines,12/27/2022,11/24/1977,Male,23
24,Carolyn Mendoza,uleonard@yahoo.com,408.123.8780,51479 Ramos Cliffs Apt. 026,Lake Elizabethhaven,Hawaii,56766,Equatorial Guinea,8/16/2022,3/31/1966,Male,24
25,Johnny Holden,paul45@smith.com,811-229-4492x5302,21331 Brittany Passage,Port Crystalbury,Nebraska,61297,New Zealand,6/20/2024,11/1/1973,Female,25
26,Leonard Wheeler,youngmatthew@gmail.com,(565)497-1441x749,9444 Amy Plain,West Kathryn,Indiana,47798,Bhutan,6/19/2022,3/14/1979,Female,26
27,Brian Lara,wholden@harrison-fritz.com,+1-815-643-9894x99860,296 Cole Alley Suite 879,Knightborough,Michigan,91201,Greenland,1/9/2023,7/13/1998,Other,27
28,Kaitlin Johnson,shawvirginia@yahoo.com,(203)667-0287x131,559 Ashley Extension Suite 721,Vazquezmouth,Alaska,78607,French Polynesia,3/2/2024,4/20/1999,Female,28
29,Natalie Waters,michellecowan@burton.com,(214)868-8668,3539 Garcia Walk Suite 351,East Timothy,Alabama,30903,Barbados,9/11/2021,10/28/1958,Other,29
30,Deanna Davidson,teresa75@moran.com,838-392-3422x953,853 Roger Rue,Douglasfort,Michigan,29927,Congo,7/19/2020,9/20/1998,Male,30
31,Robert Garcia,jessica11@hotmail.com,207226120,358 Patricia Forks Suite 767,New Wendyburgh,Mississippi,59669,United Kingdom,4/5/2021,3/2/2003,Male,31
32,Michael Williams,ukelly@yahoo.com,268.755.7857x5863,41946 Katelyn Fork Apt. 975,Dennishaven,Florida,84505,Northern Mariana Islands,10/7/2021,6/24/1948,Male,32
33,Barbara Sampson,christopher31@gmail.com,437.102.6712,7365 Amanda Isle Suite 697,Callahanberg,California,40347,Finland,5/4/2024,10/11/2003,Other,33
34,Wesley Weaver,torrespatrick@jones.org,686.792.7189x330,8841 Rebecca Cliffs Suite 966,Carsonchester,Nevada,51133,Mongolia,7/24/2021,3/8/1972,Female,34
35,Matthew Johnson,jason30@berry.com,(284)590-3477x66033,86165 Johnathan Inlet Apt. 483,Lake Danamouth,Oregon,95566,Bermuda,9/16/2021,6/27/1967,Female,35
36,Rebecca Nguyen,richard50@hotmail.com,(956)715-4160,989 Pierce Hills,Petersonborough,South Dakota,31470,Croatia,10/8/2020,9/10/1961,Male,36
37,Andrea Robinson,mooredonna@gutierrez.com,(499)578-8307,0986 Brandon Road Suite 847,Dominguezview,Utah,33394,Zimbabwe,6/6/2021,2/17/1976,Female,37
38,John Ward,christopherzimmerman@gmail.com,100.243.4151,1802 Jack Port,North Brianhaven,North Dakota,17435,Bahamas,5/6/2023,12/9/2003,Other,38
39,Stephanie Brooks,ehale@serrano.com,324.098.7814x465,11292 Douglas Fields Apt. 082,Gomezside,Massachusetts,95379,Sao Tome and Principe,10/26/2023,2/17/1970,Other,39
40,Jeanette Holland,huffwanda@hotmail.com,144773723,621 Morrison Plaza,Fuentesborough,Arkansas,67108,Nigeria,10/13/2022,5/16/1962,Female,40
41,Ellen Montgomery,amy02@hotmail.com,724-926-2793x125,818 Taylor Locks Suite 639,New Jamie,Texas,67307,Guinea-Bissau,6/11/2021,8/29/1980,Female,41
42,Adam Price,jtaylor@garza-green.com,001-136-455-9119x215,7199 Ryan Union,Carrview,South Carolina,49076,British Virgin Islands,4/16/2022,1/5/1962,Female,42
43,Wendy Cline,theresa45@pearson.biz,+1-044-209-8194x855,3236 Nicholas Springs Suite 250,South Ericmouth,Michigan,98359,Saint Kitts and Nevis,10/4/2022,7/13/1958,Male,43
44,Justin Cox,ocarson@dillon.com,(315)619-5467x183,1213 Griffin Crest,Millermouth,New Mexico,8597,Mauritius,4/3/2021,3/5/1984,Female,44
45,Christopher Cherry,samanthathompson@mathis.com,+1-495-597-4865x9209,471 Alicia Burg Apt. 723,North Tyronetown,Georgia,39782,British Indian Ocean Territory (Chagos Archipelago),6/5/2021,3/27/1996,Female,45
46,Barbara Smith,lisa27@gmail.com,001-099-712-4656x848,71554 Garcia Haven,New Victoriastad,Connecticut,42998,Guinea-Bissau,1/5/2022,9/1/1952,Other,46
47,Douglas Dudley,obradley@hotmail.com,(310)515-1556,247 Hunter Forks Apt. 859,New Danielle,Indiana,47289,Lithuania,7/24/2020,4/26/1964,Female,47
48,Diane Moreno,patriciapotts@yahoo.com,001-110-678-8650,130 Mills Villages,East Brandonfurt,Colorado,79478,Mali,5/3/2021,2/18/1975,Other,48
49,Tamara Price,katherinevasquez@yahoo.com,001-500-525-8712x1563,669 Elizabeth Plain Suite 101,Port Robert,New Hampshire,12110,Nicaragua,6/20/2023,12/4/1998,Female,49
50,Thomas Marquez,browncharles@yahoo.com,001-489-549-9564,50861 Flores Trail,West Susan,California,73284,Niue,3/16/2022,6/15/1999,Other,50
51,Michael Lang,fsmith@kim-martin.com,001-460-135-7812,55429 Angela Street Suite 931,West Jeffrey,Georgia,9554,Serbia,12/25/2020,8/15/1996,Male,51
52,Steven Smith,jamesnorton@landry-dunlap.net,001-693-912-4597,274 Thomas Manors Suite 720,North Lindafort,Iowa,68058,Timor-Leste,11/14/2020,9/19/1983,Other,52
53,Ricky Ellis,scottcharles@gmail.com,714-714-7065x943,61072 Jeffrey Shoal Apt. 796,Yatesburgh,Georgia,56130,Tuvalu,4/11/2020,12/31/1977,Other,53
54,Terry Johnson,kelly10@schultz.org,(045)702-9863x44283,3401 Huffman Coves,North Robinville,Mississippi,61262,Guyana,6/15/2020,12/16/1954,Female,54
55,Michelle Thomas,walkeremily@marshall.com,-1572,8823 Alexander Forge Apt. 546,Port Racheltown,Oregon,75341,Oman,2/24/2020,7/31/1984,Other,55
56,Robert Sanchez,wevans@yahoo.com,(866)121-6067,43278 David Track Apt. 943,West Alexander,Alabama,60632,Myanmar,11/11/2023,10/3/1982,Other,56
57,Karen Hardin,landerson@yahoo.com,313-773-1194,45972 Blevins Turnpike Apt. 951,Port Johnny,Indiana,5635,Zambia,5/18/2023,5/11/1970,Male,57
58,Frank Alvarado,jennifer76@crawford-mata.org,001-436-374-6375x0746,2122 Erika Meadow Apt. 776,Nancychester,Maine,72328,Australia,1/11/2021,12/22/1967,Female,58
59,Victoria Jacobs,duarteaustin@larson.net,(607)869-8627,2852 Ricardo Knolls,South Jacquelinefort,West Virginia,27049,Lebanon,11/30/2022,10/5/1947,Other,59
60,Nicole Gomez,sarah16@walker-williams.com,-9512,066 Bowman Station,West Tonystad,Massachusetts,63479,Samoa,5/9/2020,12/3/1978,Male,60
61,Jorge Smith,ewilliams@hotmail.com,(154)385-1282x67153,820 Arthur Camp,East Ashleyport,Nevada,82048,Suriname,1/13/2020,10/25/1986,Other,61
62,Terri Hunt PhD,vwheeler@juarez-rowe.net,994-072-6131x699,482 Melissa Row Suite 949,Warestad,Arizona,92491,Maldives,11/26/2023,8/13/1997,Male,62
63,Brittany Ramirez,tjensen@hotmail.com,2551810255,031 Jason Stream Suite 731,Jonesmouth,Iowa,82394,Bermuda,4/21/2021,10/23/1950,Other,63
64,Jonathan Ramsey,zmyers@jensen.com,697.270.3161,64450 Jackson Bridge Apt. 389,Matthewview,Texas,76937,Philippines,2/17/2020,4/20/1966,Female,64
65,Joseph Lee,rgarner@graham.com,001-328-042-1125x343,019 Angela Corners,South Kelly,Virginia,65006,Korea,2/2/2024,9/14/1959,Other,65
66,Bradley Richards,cwashington@smith.com,8358885519,05853 Henderson Ways,East Matthewborough,West Virginia,69897,Niger,5/10/2022,6/16/2004,Male,66
67,Shannon Weeks,darryl60@herring.com,001-463-826-5258,5275 Joshua Centers,Garnermouth,New Jersey,68189,Myanmar,9/30/2023,4/30/1970,Other,67
68,Jordan Lopez,fmills@gmail.com,(175)822-4542,1849 Sharp Stravenue Apt. 840,Francesview,Kansas,59393,Mexico,10/18/2023,12/15/1956,Female,68
69,Thomas Wilson,mirandamooney@jacobs-charles.org,001-489-264-5654x646,66941 Steven Center,West Richardside,Texas,73135,Equatorial Guinea,4/7/2021,12/7/1962,Other,69
70,Christopher Smith,ycoleman@smith-munoz.com,721557554,3200 Green Lake Apt. 489,East Aaronview,New York,26825,Russian Federation,1/2/2020,9/26/1987,Other,70
71,Matthew Weeks,jerry83@jensen.com,635-606-3047x901,08375 Juan Expressway,New Christopherstad,Nebraska,33217,Uganda,4/9/2022,5/16/1976,Other,71
72,Calvin Williams,yrodgers@yahoo.com,652-419-9334x110,548 Melissa Crest,Alexischester,Iowa,99898,Zimbabwe,11/7/2022,2/4/1957,Male,72
73,Krista Mcgee,wsuarez@hill-lawrence.com,015-928-3814,3185 Stewart Lodge Suite 641,Craighaven,Nevada,15115,Tunisia,6/5/2023,3/25/2006,Other,73
74,Reginald Campbell,leematthews@martin.info,154.687.3477x983,56735 Adam Curve,Cummingsbury,Nebraska,13888,Cuba,2/12/2023,9/23/1966,Other,74
75,James Davila,lopezjacqueline@gmail.com,373.601.0653,3517 Julia Overpass Apt. 296,East Andrew,Idaho,12967,Luxembourg,10/4/2020,8/25/1990,Other,75
76,Jason Morrow,emorris@yahoo.com,(118)111-3998,548 Megan Isle Apt. 790,West Debraton,Utah,69000,Taiwan,5/15/2022,3/25/1964,Other,76
77,Donald Campos,lorimyers@cooper.com,4602347704,368 Smith Pike Suite 772,Danielmouth,Alabama,42519,Liberia,3/2/2020,9/26/1976,Female,77
78,Shane Chavez,heather69@russell.com,001-628-570-3056x6860,34830 Kennedy Rapids Suite 118,Port Phillipshire,Florida,8661,Yemen,9/24/2023,3/5/1982,Male,78
79,Megan Sullivan MD,jenniferwebster@yahoo.com,8916188262,2411 Alicia Drives,Port Stephanie,Utah,25357,Burundi,3/8/2020,10/12/1973,Male,79
80,Deborah Alexander,stevensvictoria@arellano.biz,4602552714,6979 Andrea Trace Suite 038,New Rebeccafort,Wyoming,13440,Bhutan,11/28/2020,3/9/1981,Male,80
81,Robert Johnson,meaganmaynard@yahoo.com,-4495,5295 Bryan Groves,Kathleenland,Nevada,54198,United Kingdom,3/25/2024,10/17/1970,Other,81
82,Brittany Shelton,jennifer23@yahoo.com,680.893.4838x68411,996 Timothy Groves Apt. 494,Port Sarahtown,Maine,69349,Guyana,8/20/2021,6/18/1977,Male,82
83,Jeremy Lopez,pattersonmelissa@becker.biz,+1-107-922-7285x823,95789 Victoria Cliff Apt. 421,Barbaratown,Oregon,14290,Colombia,2/9/2024,2/1/1983,Male,83
84,Julie Miller,charlescannon@gmail.com,+1-999-273-2480x16792,624 Traci Divide,Aaronhaven,North Dakota,9030,Faroe Islands,12/30/2020,11/16/1944,Other,84
85,Stacy Blake,kara40@yahoo.com,001-210-177-0140,40068 Elizabeth Park Suite 069,New Christyton,Tennessee,87016,Kuwait,3/2/2024,1/22/1957,Other,85
86,Sandra Jones,brooke52@hotmail.com,796-171-0945,91906 Eric Coves,Amyhaven,Massachusetts,30189,Saint Vincent and the Grenadines,3/22/2020,8/17/1947,Other,86
87,Tanya Le,jordanhanson@gmail.com,276-375-0590,48990 Jose Lake,Jamesmouth,Mississippi,14471,Christmas Island,3/26/2022,11/17/1958,Male,87
88,Richard Durham,annbarrera@gmail.com,211.986.0568x556,5997 Mason Club Apt. 593,New Destinybury,New Hampshire,43821,Sierra Leone,1/18/2023,11/14/1943,Female,88
89,Corey Johnston,uhawkins@gmail.com,(875)426-8874x27345,1932 Lisa Island Suite 296,North Stephanie,Arkansas,17541,Georgia,10/3/2020,4/9/2000,Male,89
90,Brian Jones,jmorgan@hernandez.com,(357)753-4986x2279,55970 Meyer Court Apt. 580,Hartport,California,14735,Guadeloupe,5/9/2020,1/7/1997,Other,90
91,Jamie Steele,qwade@hotmail.com,001-260-553-1590x5722,942 Avila Crossroad,Jameshaven,Vermont,6523,Antigua and Barbuda,4/5/2021,12/16/1983,Male,91
92,Adriana Morris,kristin42@ross-james.org,(879)644-5521,520 Medina Burg,Port Joshuaburgh,Alabama,29376,Bhutan,5/12/2024,11/29/1996,Female,92
93,Kimberly Ramsey,floreserin@jones.com,(792)455-9561x53194,4075 John Mews,Port Jeremyport,Maryland,44735,Niger,6/11/2022,6/24/1962,Other,93
94,Mr. Chad Castaneda,jasmine04@yahoo.com,(869)315-2665x201,267 Burnett Plaza Suite 551,New Kimberlyshire,Hawaii,13831,Venezuela,1/21/2020,5/12/2001,Female,94
95,Susan Cruz,bonnierubio@gmail.com,001-235-243-0292,858 Harding Glen,North Justinchester,Montana,16478,Saint Kitts and Nevis,4/4/2020,8/3/1979,Male,95
96,Michael Kim,goldentimothy@brown.com,939-077-4049,7950 Gray Common,Leachbury,Delaware,33735,Saint Vincent and the Grenadines,12/5/2023,1/7/1947,Other,96
97,Andrew Green,davisaaron@yahoo.com,(922)267-4987,203 Moore Union Suite 286,New Gavin,New York,25048,Estonia,9/16/2022,11/11/1945,Male,97
98,Kenneth James,brianlopez@carr.com,+1-611-590-8754x09150,3500 Munoz Circle Suite 537,Zacharyton,Vermont,66762,Cuba,11/11/2022,1/4/1982,Female,98
99,Lisa Smith,sherri30@yahoo.com,121.690.5033x0340,33941 King Shores,South Stephanie,Minnesota,36899,Serbia,12/21/2023,4/1/2001,Other,99
100,Jeanne Alvarado,brandon90@kennedy.com,-6694,86364 Michelle Highway Apt. 907,Port Richard,Iowa,80996,Cuba,3/3/2021,8/5/1985,Other,100
101,Brianna Frazier,smithlauren@yahoo.com,055-063-2567,732 Alexandria View,North Christopherton,New Hampshire,93602,Solomon Islands,9/3/2021,5/15/1974,Female,101
102,Alexis Tran,kstanley@hotmail.com,001-427-190-2796,02964 Steven Mountain,East Diana,Oregon,83635,Jersey,4/26/2023,2/25/1977,Female,102
103,Elizabeth James,matthewnixon@gaines-gibson.info,781.626.7565x10094,12030 Harvey Parkway,North Davidside,Wyoming,4556,Cyprus,8/23/2022,2/8/1944,Female,103
104,Stephanie Gonzalez,ewhite@yahoo.com,380-257-3696,83962 Wilkerson Spur Apt. 712,East Dennisfurt,Georgia,41752,French Guiana,11/4/2020,4/15/1966,Other,104
105,Sandra Smith,laneheather@yahoo.com,789.992.3331,3836 Brandon Trafficway Apt. 193,Port Mallorymouth,Mississippi,22278,Palestinian Territory,3/7/2020,5/16/1994,Male,105
106,Michael Jordan,anthony51@flores.com,510-706-8632x7019,2676 Xavier Knoll Suite 468,Weberbury,South Dakota,7089,Sri Lanka,1/26/2023,2/23/1966,Other,106
107,Jonathan Mcdonald,kristinatorres@gmail.com,001-981-038-8464,992 James Wells Suite 543,East James,Massachusetts,34795,Qatar,1/9/2020,11/17/1963,Male,107
108,Alfred Carter,jessicaallen@gmail.com,+1-709-259-8139x215,28339 Johnson Cliffs,Bethshire,Pennsylvania,20352,Timor-Leste,4/5/2020,6/25/1971,Other,108
109,Kimberly Lewis,mhensley@yahoo.com,+1-686-012-6356x843,9877 Ryan Pike Apt. 722,South Scottside,Missouri,97304,Chile,3/5/2020,1/12/1958,Female,109
110,Ashley Mills,kevin83@hotmail.com,+1-065-324-2124x426,0515 Herman Bridge Suite 917,New Joshuaport,Minnesota,33939,Maldives,1/20/2021,4/29/1961,Female,110
111,Michael Gray,joyce81@yahoo.com,2311716920,98144 Chavez Flat Suite 904,Rachelbury,Alabama,88696,Anguilla,4/30/2020,1/21/1966,Female,111
112,Joseph Mitchell,sotoandrea@yahoo.com,(539)481-0142x55175,472 Taylor Trail Apt. 724,Allisonfurt,New Mexico,29399,Christmas Island,3/8/2024,1/21/1986,Female,112
113,Kristy Alexander PhD,amberharrington@espinoza-bird.com,910.444.4693x311,50002 Karen Street,Heathermouth,Nebraska,2515,South Georgia and the South Sandwich Islands,9/23/2023,2/1/1986,Male,113
114,Cindy Mooney,hweaver@gmail.com,(313)122-8983,566 Garcia Union,Lake Lauratown,Colorado,55185,Denmark,9/25/2022,1/22/1952,Male,114
115,Darren Romero,adamsavage@hotmail.com,486.186.5507x69274,605 William Stream Suite 415,Guzmanland,Michigan,10998,Colombia,7/14/2021,2/13/1954,Female,115
116,Carl Ramirez,smithcharles@yahoo.com,8236048940,06358 Gates Orchard,Chavezville,Maine,20333,Barbados,4/11/2024,9/18/1949,Other,116
117,David Alvarez,christinachapman@phillips-bennett.biz,-8302,20656 Rivera Lock Suite 510,Dianeville,Nebraska,53239,Maldives,12/21/2020,9/13/1998,Female,117
118,Dr. Vanessa Reese DDS,princestacey@johnson.com,001-259-599-9867,56990 Keith Spur Apt. 607,Howellport,Kentucky,52764,Antigua and Barbuda,2/1/2023,10/14/1974,Other,118
119,Renee Johnson,anthonybooth@holmes-bailey.net,+1-734-749-9856x261,00781 Jones Course Suite 562,Wheelerborough,Wyoming,23133,South Georgia and the South Sandwich Islands,8/24/2020,1/9/1976,Female,119
120,Angela Pierce,carol72@hotmail.com,(760)246-0373x91692,7333 Oconnor Pass,Victoriaville,Mississippi,39969,Isle of Man,6/24/2020,1/23/1970,Other,120
121,Chad Marshall,gharris@hodges.info,(014)510-9196x3526,4073 Hurst Vista Apt. 442,South Alexander,South Dakota,29784,Kuwait,8/14/2020,5/29/1974,Other,121
122,Carlos Henry,melaniebaker@brewer.info,+1-733-302-0916x334,94092 Wendy Vista Suite 036,Vasquezberg,Washington,81739,Switzerland,6/3/2024,12/6/1980,Female,122
123,Beverly Golden,mary30@yahoo.com,667-234-4557x57415,464 Burgess Curve,Port Michele,Mississippi,21733,Trinidad and Tobago,4/21/2021,4/6/1984,Female,123
124,Amy Ruiz,clarkchristopher@hotmail.com,+1-431-871-6901x34631,8769 Brown Courts,Michelleside,Kentucky,87211,Saint Lucia,5/14/2022,9/14/2004,Female,124
125,Roy Ward,tanderson@hotmail.com,001-103-890-5196,5001 Jonathan Street,Emilychester,New York,83191,Niue,10/25/2020,9/22/1974,Male,125
126,Martin Ellis,scott91@gmail.com,108-228-4331x7136,75820 Hanson Stream,Christinafort,Nevada,56164,Pakistan,9/25/2023,3/28/1983,Other,126
127,Joseph Vang,millerbrooke@norris-potts.com,812-424-0509,68308 Small Wall Apt. 993,Meyersside,New Mexico,41090,Cocos (Keeling) Islands,11/29/2021,10/18/1954,Female,127
128,Carolyn Soto,myork@hotmail.com,203.278.3874x1112,336 Taylor Canyon,Wilsonshire,Connecticut,6122,Saint Pierre and Miquelon,6/30/2021,9/12/1988,Male,128
129,Vernon Robinson,wromero@yahoo.com,001-190-553-9982x586,1663 Jessica Street,New Joy,Illinois,26521,Netherlands,10/5/2020,2/19/1961,Female,129
130,Susan Douglas,tinablankenship@rose-smith.net,504-174-7801x203,56952 Stephen Dale Apt. 433,Guerreroton,Missouri,47840,Brunei Darussalam,3/15/2022,9/28/1947,Male,130
131,Veronica Gomez,stephanie82@gmail.com,-5517,139 Lee Underpass,East Kimberly,Virginia,81050,Congo,3/10/2020,9/16/1967,Other,131
132,Stephanie Robinson,nancy07@mata-jenkins.org,+1-773-824-9275x326,9284 Mcdonald Street,North Joseburgh,Michigan,80927,Nigeria,1/16/2021,5/22/1956,Male,132
133,Andre Barnes,hannapaul@yahoo.com,613.937.8878,75485 Sutton Pine,Ellisshire,Wisconsin,25645,Japan,1/31/2022,5/19/1987,Female,133
134,Andrea Avery,steven34@hotmail.com,063.460.7875x59315,736 Alyssa Gardens Apt. 043,North Samanthaville,Mississippi,31849,Egypt,10/10/2020,9/17/1988,Female,134
135,Laura Sparks,catherineallison@davidson-lee.biz,219-011-2101x3884,7625 Robert Port,Kelleystad,Kentucky,74283,Malta,8/29/2022,12/22/1991,Male,135
136,Catherine Bates,davidbanks@yahoo.com,701-689-9462x37518,31139 Rodriguez Green Suite 966,New Karenburgh,Alaska,62302,Ethiopia,6/11/2023,2/17/1959,Male,136
137,Diana Schroeder,jonathan05@hopkins-rios.org,809.222.9541x72526,581 Delgado Rapid,Greeneburgh,Mississippi,42381,Cyprus,2/26/2023,5/6/1963,Female,137
138,Christina Burns,rayala@mullen.com,595.570.7912x002,89221 Mendoza Turnpike Suite 218,Dianefurt,Nevada,6951,Gibraltar,8/5/2020,8/22/1957,Other,138
139,Sonya Smith,gmurphy@hotmail.com,013.991.7737,0716 Anderson Shoals Apt. 772,Parkerland,Delaware,21563,Sudan,2/21/2023,5/23/1944,Male,139
140,Robert Taylor,patricia77@gmail.com,504-790-7331x639,80858 Gregory Islands,Sarahfurt,Maine,42649,Honduras,4/10/2024,8/27/1977,Female,140
141,Natalie Garcia,arthur77@mendoza.com,108-376-4509x5498,14582 Christopher Mountain Suite 170,South Lisaborough,New Hampshire,76505,Poland,7/1/2020,4/2/1980,Female,141
142,Kimberly Bautista,rcastillo@whitehead-brown.com,407.174.4044,867 Benjamin Inlet,Lake Markbury,Hawaii,35284,Malta,5/1/2021,10/10/1979,Male,142
143,Pamela English,adamsanna@hotmail.com,(610)086-9507x5240,56818 Smith Burgs,Timothyland,New Mexico,15889,Guadeloupe,3/27/2020,5/2/1986,Male,143
144,Katie Lyons,lcolon@choi.com,333-578-7035,60211 Joseph Lake Apt. 107,Jasonland,North Carolina,90850,Netherlands Antilles,4/12/2022,7/20/2001,Female,144
145,Jeffrey Cruz,ashleyvargas@hotmail.com,353-292-7604x819,995 King Shoal,Lake Martin,Utah,13223,Pakistan,9/12/2020,8/2/1983,Other,145
146,Dwayne Washington,walterkristie@hotmail.com,403.959.5811,8067 Daniel Center,Ruizshire,Massachusetts,17629,Gibraltar,11/29/2022,1/10/1945,Female,146
147,Glenda Barnes DDS,moorecrystal@stafford.com,041-425-9238,1090 Shields Wells,Craigview,Nevada,90462,Cambodia,5/1/2022,11/16/1965,Female,147
148,Michele Walker,vschultz@white.com,138-446-2033x92785,45420 Stacey Extensions Suite 484,East Jennifer,Nebraska,33518,Djibouti,4/8/2021,3/30/1971,Other,148
149,Ashley Chapman,nicole29@yahoo.com,(604)854-5150x524,039 Hall Course,East Joyce,Indiana,93504,Venezuela,5/17/2023,7/4/1955,Other,149
150,Mark Kim,mjones@harrison.com,702-468-8043x94846,2024 Ashley Center Apt. 773,Jacksonview,Michigan,15224,New Zealand,10/28/2020,2/4/1997,Female,150
151,Carlos Kidd,nhamilton@rush.info,(173)509-6568x35465,89213 Richardson Grove,Samuelside,Arkansas,42934,Senegal,10/11/2023,1/19/1996,Female,151
152,Scott Cooper,mitchell92@cisneros-ray.org,286-500-9567x78502,7620 Jones Tunnel,West Josephchester,Indiana,63836,Marshall Islands,6/27/2022,6/26/2005,Other,152
153,Timothy Clark,nicholas81@hotmail.com,+1-589-577-6635x5854,963 Haley Roads Apt. 178,Glennton,Rhode Island,51165,Chile,7/17/2023,8/22/1990,Female,153
154,Aaron Munoz,clarencehernandez@gmail.com,+1-151-187-3555x9180,295 Dixon Mall Suite 602,Wrightstad,Michigan,16190,Liberia,5/28/2023,5/28/1987,Female,154
155,Andrew Jimenez,william37@gmail.com,033.619.8158x579,799 Gross Bypass Suite 139,Reevesfort,California,43363,Mayotte,12/13/2022,6/7/2003,Other,155
156,Shannon Medina,kurtvalentine@gmail.com,904.551.5831,897 Hartman Roads,East Rebeccaborough,California,68511,Russian Federation,1/2/2023,7/24/1971,Female,156
157,Lisa Calhoun,robertsonmichaela@frye.com,4746498597,7704 Ellis Gateway Suite 122,Port Davidville,Idaho,54430,Moldova,3/24/2021,4/16/1990,Female,157
158,Nicole Henderson,jordanbrown@french.org,(089)979-1288x884,90923 Amber Stravenue Apt. 397,Stanleytown,Michigan,25823,Philippines,1/21/2020,12/3/1985,Female,158
159,David Lamb,hallstacey@gmail.com,313.640.9363x22603,8631 Carly Dam,North Scottmouth,Massachusetts,21905,Honduras,2/14/2022,12/20/1986,Other,159
160,Jeffrey Moore,harveyalex@garcia.org,213.905.8515,6252 Johnson Prairie Apt. 873,Woodbury,New York,22690,Rwanda,7/1/2020,9/23/1984,Female,160
161,Alex Morris,erin10@fox-barnes.com,742-068-8905x281,23092 Lopez Vista,Victoriaburgh,Arizona,86859,Lao People's Democratic Republic,9/22/2023,10/2/1983,Male,161
162,Lisa Villarreal,jennifercollins@gmail.com,+1-416-765-2245x191,382 Johnson Orchard Suite 986,Hollyport,Illinois,70894,Switzerland,10/3/2020,2/12/1960,Female,162
163,Brittany Sanders,vsims@gray.org,3554255862,8692 Ramos Summit,Smithside,Nebraska,60337,Cayman Islands,8/12/2023,6/17/1952,Other,163
164,Jimmy Thomas,lisa43@martinez-knight.org,8963002572,97204 Leah Lane,Porterhaven,New Jersey,83934,Montenegro,6/3/2020,5/30/1997,Other,164
165,Nancy Hickman,mahoneygeoffrey@flores.biz,+1-098-304-7750x36312,06580 Smith Street,Colemanview,Tennessee,38790,Niue,12/24/2020,9/20/1958,Other,165
166,Tiffany Ray,mckinneymichelle@giles-barton.com,213-350-7939x05513,89051 Riggs Divide,Teresabury,Mississippi,733,Congo,2/13/2023,12/20/1944,Female,166
167,Joshua Brown,meganwatkins@gmail.com,080.055.2263x64187,740 Pollard Neck,Antonioside,Rhode Island,93794,Saint Lucia,3/30/2024,2/9/1993,Other,167
168,Casey Guerrero,brandi51@hotmail.com,+1-753-641-7921x718,363 Julie Parkways Suite 199,Crosston,Missouri,82970,Belarus,9/26/2022,2/9/1971,Other,168
169,Martha Thomas,petersebony@thomas-bender.org,4161424413,072 Banks Cove Suite 270,Lake Sheilastad,Vermont,66813,Isle of Man,3/16/2023,11/24/1963,Male,169
170,Patricia Good,cameronrodriguez@griffin.biz,+1-417-955-3663x7342,332 Andrea Stream,Matthewville,Illinois,57134,Philippines,12/31/2022,11/11/1992,Male,170
171,Rhonda Jenkins MD,brianmiller@thompson.biz,(007)419-1510x43163,32903 Jon Roads,South Tonya,Michigan,94593,Cocos (Keeling) Islands,11/4/2022,12/17/1972,Male,171
172,David Kelly,tiffanyperry@johnson.com,001-506-566-9605,75490 Teresa Fort Suite 130,Johnathanland,North Dakota,90398,Nauru,5/27/2024,2/22/1973,Male,172
173,Miranda Ramirez,pamela14@gmail.com,4591871978,4933 Christopher Knolls,Blackwellshire,Nebraska,88556,Turks and Caicos Islands,12/2/2022,3/3/1988,Male,173
174,Nathan Bailey,snewman@nguyen.com,-8184,8529 Christopher Drives Apt. 309,South Emilytown,Georgia,14599,Lao People's Democratic Republic,1/9/2023,7/29/1952,Female,174
175,Ms. Elizabeth Jacobson,jamesramirez@gmail.com,538040054,554 Russell Valleys,West Edward,Michigan,17306,Cambodia,5/10/2022,5/10/2001,Male,175
176,Steven Miller,hermanmichelle@salazar.com,(933)012-7130,86007 Carter Spring,Newtonfort,Texas,15781,Oman,8/1/2021,10/12/1946,Other,176
177,Ms. Sheryl Dillon,hensleyashley@yahoo.com,525.749.6838,3641 Bradley Cliffs Apt. 259,New Mary,South Carolina,26147,Slovenia,12/24/2020,12/16/1973,Female,177
178,Theresa Guzman,gailmarshall@yahoo.com,5243072665,721 Corey Cliffs Apt. 889,South Haleyview,Alabama,4248,Austria,5/6/2020,12/5/1998,Male,178
179,Tracy Rodriguez,ashleesmith@yahoo.com,001-523-087-8258,804 Singleton Ferry,New Sarahburgh,Louisiana,8287,Anguilla,3/23/2024,6/1/1956,Female,179
180,Steven Suarez,millerclifford@jackson.com,220.561.7686,3293 Chapman Terrace,Julieville,Connecticut,8412,Madagascar,8/18/2021,4/28/1972,Male,180
181,Tiffany Cruz,johnmeyer@patrick.com,-9189,43446 Stefanie Manor Suite 589,Smithhaven,Vermont,71376,Hungary,4/19/2024,10/29/1968,Male,181
182,Eric Brown,terribrandt@howard-carr.biz,+1-565-354-5364x383,1646 Brown Manor,Port Kathleen,Maryland,56044,Uganda,3/18/2024,8/21/1961,Male,182
183,Wesley Boone,lmurray@cole-allen.com,-1863,0668 Walters Circle Apt. 512,Lake Melanie,Florida,48757,Uganda,12/17/2020,6/2/1944,Other,183
184,Monica Dawson,jfleming@gill.com,001-761-005-4816x5363,0470 Benjamin Mountain,Burnsshire,Michigan,89017,Pitcairn Islands,1/30/2020,5/7/1980,Male,184
185,Thomas Hodge,theresamontgomery@crawford.info,7061416519,5174 Taylor Trace,Lake Cindyport,Arizona,28806,Zimbabwe,8/5/2020,5/2/1971,Other,185
186,David Wade,porterkelly@allen.info,295.736.1941,7625 Elizabeth Parkways,New Kayla,Kentucky,96963,Sudan,2/27/2020,10/25/1944,Other,186
187,Kathy Brady,crystal53@melendez.info,(015)539-4905,232 Michael Overpass,Brownshire,Maine,27097,Vanuatu,9/2/2020,1/21/1960,Male,187
188,Keith White,susanmurphy@wilcox.com,+1-659-327-2378x729,0154 Lauren Overpass Suite 176,Robertsonberg,Kentucky,43160,Aruba,1/4/2023,2/26/1998,Female,188
189,Daniel Turner,katherine39@yahoo.com,(340)788-4964,2015 David Fords Apt. 130,Whitneybury,Ohio,31735,Faroe Islands,11/15/2022,7/27/1981,Female,189
190,Samantha Cain,bryangarza@ward.org,050.704.1215x0887,055 Spencer Track Suite 506,Jessicabury,California,74413,United Kingdom,6/22/2023,12/15/1988,Female,190
191,Daniel Robinson,carollong@hotmail.com,(088)928-7530,28725 Crystal Loop,Lynnborough,Oklahoma,9942,Germany,8/28/2023,10/19/1973,Other,191
192,Brooke Lara,perrymolly@yahoo.com,194-777-1586,6383 Anna Curve,Hannahfort,Utah,76981,Russian Federation,1/25/2024,4/29/1980,Female,192
193,Sharon Carson,mcdanielnancy@hoover.com,693.133.1218x7879,620 Ward Crossing Apt. 573,New Raymondview,New Hampshire,19741,Marshall Islands,12/21/2020,3/28/1979,Other,193
194,Teresa Burke,bryan72@hotmail.com,+1-730-636-8580x16597,123 Patricia Mountains Suite 953,Michaelport,New Hampshire,9931,Northern Mariana Islands,5/8/2021,10/17/1963,Female,194
195,Jennifer Juarez,shelby80@weber.org,(710)137-6460x30190,27205 Hall View,Michelleshire,New Jersey,90084,Canada,11/3/2020,4/13/1945,Male,195
196,Kayla Sharp,daniellepacheco@gmail.com,559.101.7805,905 Oconnell Lock,West Sheryl,Montana,11041,Pakistan,1/9/2024,11/20/1977,Male,196
197,Keith Ortiz,hannah77@yahoo.com,713.516.4567,91789 Wayne Green,South Rhonda,Oregon,59598,Ukraine,8/23/2020,6/20/1990,Other,197
198,Joel Barker,watkinsmelanie@yahoo.com,001-996-138-8228,67574 Michele Islands Apt. 629,Petersstad,Mississippi,64412,Norfolk Island,5/8/2021,8/26/1973,Other,198
199,Sharon Sutton,lcrawford@hotmail.com,+1-542-015-4269x6594,9381 House Land Suite 067,Kylebury,Minnesota,92408,Morocco,8/12/2021,12/26/1993,Other,199
200,Aaron Stevens,bryantjeffrey@brown.net,985.519.7120x14274,82041 Adams Prairie,West Devin,Utah,52709,Norway,11/29/2020,1/29/1988,Male,200
